Time Interval 1,Time Interval 2,Time Interval 3,Time Interval 4,Time Interval 5,Time Interval 6,Time Interval 7,Time Interval 8,Time Interval 9,Time Interval 10,Time Interval 11,Time Interval 12,Time Interval 13,Time Interval 14,Time Interval 15,Time Interval 16,Time Interval 17,Time Interval 18,Time Interval 19,Time Interval 20,Time Interval 21,Time Interval 22,Time Interval 23,Time Interval 24,Time Interval 25,Time Interval 26,Time Interval 27,Time Interval 28,Time Interval 29,Time Interval 30,Time Interval 31,Time Interval 32,Time Interval 33,Time Interval 34,Time Interval 35,Time Interval 36,Time Interval 37,Time Interval 38,Time Interval 39,Time Interval 40,Time Interval 41,Time Interval 42,Time Interval 43,Time Interval 44,Time Interval 45,Time Interval 46,Time Interval 47,Time Interval 48,Time Interval 49,Time Interval 50
7.946873,0.0,4.3238134,1.6025691,3.8437655,6.8689547,12.616657,0.0,0.0,1.4535946,8.366127,6.932553,1.2703881,1.5255269,0.0,0.0,1.3,0.0,0.06098618,0.0,0.0,0.82698506,0.0,0.008013924,14.616548,2.5174313,0.0,0.3940379,0.8015842,0.0,1.6,0.0,0.0,0.77906024,6.436495,0.0,0.0,1.0491178,0.12594698,18.72221,0.0,0.0,0.0,3.8823457,7.015381,0.50456595,0.0,11.126173,0.8,0.2944509
17.25632,0.0,0.5493791,6.661334,2.1397893,2.8166666,6.8626237,2.3157089,0.11213326,0.0,2.2033434,11.514067,4.471541,2.452727,3.294284,5.8373365,0.0,2.8666666,2.2638464,3.4907591,0.0,0.0,4.65,1.0926069,0.0,4.3517327,1.9833333,0.0,0.0,0.0,3.010851,0.0,3.35,8.995458,0.0,0.51666665,0.0,9.801266,0.0,0.0,0.0,0.0,7.695137,2.223288,0.0,0.0,1.8675702,1.4833333,0.0,0.0
5.680209,0.0,0.0,14.189998,0.0,1.45,4.270093,0.0,7.516667,0.0,11.782473,0.0,1.7753917,1.0579138,0.0,0.84567326,0.0,6.2931514,3.4626677,21.381851,5.632432,0.0,5.4136114,0.0,7.7833333,2.5253766,0.0,0.033333335,0.0,3.233175,0.0,0.005619334,0.0,0.0,0.0,3.9360826,0.65649086,2.545094,0.0,0.0,6.0939455,0.0,0.0,2.6458116,6.942277,0.0,4.250087,0.0,0.0,1.6643016
8.905734,0.0,0.0,0.0,0.0,0.45,0.0,0.0,2.7666667,0.68333334,0.0,0.0,0.0,5.286815,1.5330863,5.417526,0.0,9.840489,0.46666667,1.1166667,1.9333333,7.474357,0.0,16.345291,1.4,4.901297,0.0,0.38128355,5.085319,0.0,3.8063867,0.0,0.31666666,1.7,0.0,0.0,1.4166716,8.043175,0.76871866,7.233333,0.0,9.451157,0.0,1.2688395,0.0,5.621555,0.0,0.45371574,0.0,0.0
10.13345,0.35887057,3.6558602,1.0671586,0.0,0.0,0.0,3.1,0.0,0.0,0.0,0.0,3.225213,0.0,8.579413,3.8935325,0.21666667,0.0,5.85,0.0,1.0022827,1.8128855,3.2280378,11.043658,0.0,4.773633,0.0,18.5497,2.7666667,0.0,0.0,0.0,0.0,0.0,0.0,0.0,0.8,0.0,0.95928013,7.7326016,1.7359644,0.0,0.0,2.1809504,1.7790362,0.0,0.0,0.0,1.3764083,0.0
2.2666667,0.0,0.0,1.15,0.0,0.0,0.0,3.398117,0.95319957,0.9703225,0.0,0.0,9.917496,4.5150847,0.0,2.049533,0.0,0.0,4.886415,13.737581,0.0,0.0,3.3514714,1.8734399,5.5,0.0,0.81666666,0.0,6.3784184,7.1308575,0.0,1.4166666,6.1185937,2.2727592,0.0,0.0,0.0,1.1666666,0.0,29.466398,0.0,0.0,0.0,0.0,2.1853442,7.0699954,7.2166667,4.193297,0.0,0.0
3.613596,0.0,0.0,10.159864,0.70419043,0.0,12.012751,2.4309294,0.0,0.0,7.0,2.1657305,3.1717837,0.0,0.0,0.0,4.0663867,1.0507076,9.575265,0.0,0.24973811,1.5755028,8.41892,4.8280816,0.0,0.0,8.5050535,8.732697,0.0,0.09864088,0.0,4.0248246,0.0,11.239282,0.0,1.5491484,0.0,0.0,0.0,1.7199845,0.0,11.150799,0.0,2.386032,0.0,0.3,0.0,0.0,0.0,7.2275147
11.81171,0.0,10.07777,0.0,0.0,0.0,0.0,2.476551,0.0,4.463189,4.598563,11.633192,1.8833333,0.0,8.80234,0.0,0.0,4.829661,0.0,0.0,0.0,0.0,9.078723,3.2421727,2.2833333,7.8609595,1.4537416,0.0,1.3434873,0.0,0.26720393,0.0,0.0,8.183836,0.38333333,0.0,0.0,0.0,0.0,0.0,1.6005578,0.0,7.6188345,0.0,0.0,0.016666668,0.0,2.2555816,6.22135,0.0
8.755247,0.38838202,0.0,0.0,4.366667,5.0408864,0.0,9.306013,2.0164378,0.0,4.617308,0.0,0.0,0.0,0.0,0.70443594,3.1508422,0.0,0.0,0.0,0.0,8.585423,0.0,0.0,0.0,0.0,5.8089585,0.68333334,2.7639432,0.0,0.0,0.0,18.992619,0.0,0.0,8.360908,0.0,2.938256,0.0,0.0,0.0,10.42018,2.2565308,0.0,0.0,2.6236522,7.798422,4.159553,0.0,2.7107387
18.922085,0.0,4.2166667,5.6780043,0.0,4.712504,5.7563086,0.0,0.0,0.0,0.0,0.0,0.0,20.041187,0.0,0.0,0.0,0.0,0.0,0.8447904,0.0,0.10051909,0.0,6.2449265,0.0,0.0,0.0,3.0884604,0.0,0.0,5.078296,0.0,0.0,0.43226093,0.0,2.1639848,1.9884698,4.246033,1.1807332,0.0,8.515138,0.0,0.0,4.9980097,3.7968297,0.0,3.4833333,2.5166667,2.025948,0.0
3.23712,0.0,0.0,15.747636,3.8616743,0.0,0.0,1.6767309,0.0,0.0,1.1575466,0.0,0.0,0.0,0.0,0.92919254,0.0,2.9708273,6.61123,0.0,0.0,0.0,0.0,1.3058946,0.5755737,4.2016716,0.0,1.9872135,0.0,0.65733343,8.383333,0.5072059,0.0,3.8045864,0.0,8.303904,5.355212,0.0,5.2464347,0.0,0.0,1.5580074,0.0,0.0,9.753175,0.0,0.0,0.0,5.0695677,0.0
20.867044,0.0,0.0,3.232834,0.0,6.330784,3.629307,4.0979567,3.3508606,5.516981,0.0,0.0,0.0,0.0,0.0,2.2586374,0.0,5.5133443,1.2018888,1.8853241,10.533731,1.2344368,2.4826996,1.2166667,1.3351065,0.0,0.0,0.0,0.0,0.0,0.0,0.0,0.0,7.2848,4.4001174,0.101388864,0.60051227,1.1666666,0.0,0.3292856,0.14654155,0.0,3.9024494,15.849497,19.192955,6.448234,8.15,0.0,0.0,12.448793
24.392538,0.0,0.0,3.0652106,0.0,0.0,1.2833333,0.0,0.0,5.412291,0.0,4.5199314e-16,0.0,0.0,0.05,0.0,9.675687,0.0,0.0,1.5810536,0.0,2.4747636,0.31666666,1.9769827,22.60962,0.0,8.457622,0.45554024,3.8398051,2.3693707,0.0,6.4897,0.0,0.0,0.0,1.6331539,0.0,0.0,8.844289,2.9257648,0.0,4.383333,3.4467278,0.0,8.538904,0.0,0.0,0.0,0.0,0.7109004
5.548735,0.0,4.036677,0.0,0.0,1.5671477,0.0,1.6333333,0.0,0.0,0.51717716,0.0,0.0,1.5216218,0.0,3.0266342,0.5579555,3.6823583,0.0,0.0,0.0,2.65,0.23333333,0.0,1.2738483,1.6333333,0.0,1.2073255,3.5833333,0.0,0.0,0.0,0.0,2.320848,0.0,0.0,4.9573617,0.0,12.782929,0.0,1.1018084,0.0,0.0,0.0,4.7335806,0.05707765,0.0,0.0,1.9527459,0.24335489
5.454501,2.5,0.0,1.1666666,0.0,0.0,0.0,0.0,0.0,0.0,0.0,0.0,0.3917193,0.0,0.0,0.0,0.0,0.0,5.7741346,0.0,22.834154,0.0,0.0,0.0,0.0,0.0,1.6333333,0.0,3.1928403,0.21666667,0.0,2.7,4.907161,0.5833333,0.0,3.8520455,0.0,0.6260036,0.0,0.0,10.010335,6.9553356,9.33246,5.085636,1.7992054,0.31071737,13.185709,0.0,0.0,0.0
17.404888,1.5172029,0.0,14.637321,0.0,5.823497,0.0,0.0,1.6773677,0.0,0.0,0.0,2.5810251,2.05,7.134823,20.109932,5.1692734,4.814837,1.6939679,0.0,6.763557,0.0,0.0,0.0,0.0,0.0,0.08868506,0.24930704,0.0,0.0,13.753461,0.0,3.4910958,1.95,0.30311128,2.7031748,18.207008,0.0,0.0,0.0,5.7725453,0.0,10.894909,4.013742,8.524504,0.0,0.0,0.0,0.0,0.0
5.160048,0.0,0.40082854,7.567333,0.0,0.0,0.0,9.312352,0.0,0.0,0.0,5.917649,6.416255,0.0,0.0,2.2637324,10.010555,0.0,0.0,1.55,0.0,1.2769569,0.53333336,2.4739926,2.9979599,1.067395,0.0,0.0,3.0315666,0.0,0.03781433,0.0,0.0,9.324966,0.21666667,0.0,4.5094303e-16,1.7256067,3.8166666,3.9385874,2.6095648,0.0,6.977729,0.4570539,0.0,5.436894,16.091932,0.0,0.0,7.727336
14.3158,17.58241,2.5300038,0.0,1.6704949,1.0328448,0.0,0.0,0.0,2.25,6.591237,0.0,4.884766,0.0,0.0,0.0,0.0,5.55762,0.42471424,0.0,0.0,3.027512,0.0,0.0,0.0,0.0,1.3424113,0.0,5.1235003,0.0,4.6984,0.0,0.39143333,7.116667,3.8327553,7.2805095,17.479944,4.5509157,0.0,4.3676133,1.5411875,0.0,1.2833333,2.6763575,0.23333333,1.4603097,0.0,0.0,0.0,0.0
5.641424,3.1713717,0.5694842,0.0,0.0,1.8833333,0.0,20.479856,2.6719058,1.0116513,1.1787556,0.0,4.728286,6.686595,0.0,0.91827273,0.0,0.0,0.0,2.0320632,0.0,0.0,0.0,0.0,0.0,0.0,0.0,0.0,0.0,1.504881,0.0,2.0831528,3.7858598,1.0125815,8.6239195,0.0,0.059972793,0.0,0.0,0.0,0.0,1.5235448,1.6921672,0.0,0.0,0.0,4.2065363,7.7246323,0.0,0.0
7.9003363,0.0,0.0,1.15,0.0,1.3596599,0.20793615,0.0,16.250933,0.0,0.7003932,0.0,2.9633696,0.0,0.0,0.0,0.0,0.0,0.0,2.8,9.265495,5.9333763,1.1333333,4.2483335,0.44706887,0.0,0.0,3.8314116,5.2758102,0.0,19.877926,7.3672204,2.2184498,0.5819562,0.0,11.385536,0.0,0.0,0.0,8.602553,0.0,0.0,6.6,0.0,0.0,1.45,1.1675397,0.55670214,0.0,7.3811226
8.663506,0.0,0.0,2.5606558,0.0,0.0,4.0666666,1.0280949,4.6776276,0.3,0.0,0.0,0.4086334,0.0,0.25,1.15,0.0,0.10869177,1.7606492,2.9820127,2.7883644,0.0,0.0,5.923325,0.0,2.103165,0.0,2.1326258,0.18054856,0.0,8.223397,0.0,0.0,0.0,0.0,0.56181014,0.0,2.8666666,13.378677,2.7322912,6.3545084,0.896255,0.0,0.0,3.2833333,0.0,0.0,2.740579,0.0,0.0
8.6,2.4881716,0.0,0.0,6.0288596,0.0,12.608886,0.0,0.0,1.3624858,0.0,10.7321615,0.0,0.0,0.0,0.0,7.039069,2.7838442,4.145468,0.80030257,3.3639317,0.0,1.1614361,0.13419692,0.0,0.0,0.06666667,0.0,0.0,0.0,0.0,0.03151332,5.8365,0.0,0.0,0.2912495,3.4621527,0.0,0.0,0.0,0.0,1.8389753,3.5127208,0.0,3.7796588,2.7238808,6.064591,3.1678307,9.826911,0.0
5.063087,0.0,0.0,2.5414195,1.6074786,5.082008,10.462394,0.016666668,1.4333333,0.0,3.2621331,0.8833333,1.777446,0.0,0.0,0.9069994,0.0,0.0,0.0,1.1666666,4.876808,9.636991,0.22270186,4.6656637,7.1236486,0.0,0.0,2.1802387,2.15933,5.151484,2.65,0.0,0.09095395,0.0,0.0,0.0,0.0,0.0,0.0,0.0,20.844969,0.60653174,6.1501412,2.0541813,0.5833333,0.0,10.845074,0.0,5.431814,0.061097834
9.984032,12.184802,0.0,4.1,2.8333333,2.6666667,0.0,2.7324805,0.0,0.0,3.8199184,0.4312313,0.0,0.0,0.0,12.253415,2.191815,4.8333483,0.0,0.0,0.0,0.0,0.0,0.0,3.0879624,10.777501,0.0,1.189161,0.0,0.14999019,4.3294277,0.0,4.296107,25.753542,0.0,0.0,2.4743612,0.0,0.0,0.0,0.0,0.0,0.0,0.0,0.0,0.0,0.76666665,3.9100811,1.4757366,0.0
23.349957,0.0,6.2247987,0.0,3.959166,3.6612816,0.76666665,1.3016477,8.22306,0.0,0.15,0.8833333,0.0,0.0,1.4166666,2.4166667,0.26666668,0.0,0.34274235,1.0190947,0.0,0.0,0.0,0.5787595,0.0,0.0,0.0,0.0,5.1180835,1.4833333,0.0,2.181681,0.58780324,0.99079645,1.75,0.0,2.8260455,0.0,0.0,0.0,0.0,0.0,6.6,1.5078317,0.0,1.4505448,0.9560342,9.090902,0.0,0.0
4.021691,2.3212035,0.0,0.0,6.8418565,0.0,0.0,0.0,0.0,0.0,1.3062931,0.0,4.5770097,2.1030734,0.0,0.43239662,0.8391679,1.3978717,0.0,0.0,15.073875,0.11590526,6.837177,0.0,0.0,0.0,4.155057,2.9203582,6.669729,10.974231,2.786133,0.0,1.148268,0.41666666,0.0,1.7166667,2.189042,15.705188,0.0,1.100847,5.364068,0.8803475,2.880537,0.0,3.2833333,0.0,15.4807005,0.0,0.7615911,0.0
18.016666,0.0,0.0,0.0,8.938267,0.0,2.7833333,13.391443,3.1725013,11.9710045,0.0,0.1,6.9244537,0.0,0.0,2.5524197,2.7543812,0.0,0.0,0.0,2.9847143,0.0,12.343222,0.0,0.0,0.38464934,0.8849363,0.0,0.8333333,0.55,5.0060225,0.0,4.3134418,3.9909017,3.843666,0.0,0.0,12.455522,6.8860598,3.515418,0.0,0.0,0.8833333,1.4,8.935788,0.0,0.0,0.41666666,0.0,0.95810956
1.6166667,5.5840054,4.654835,0.0,0.7168975,16.417908,0.0,13.6,0.0,1.1,0.68904513,3.039004,0.0,0.0,0.0,1.5,1.4048805,0.0,0.02751104,0.46666667,0.5,2.3333333,0.0,0.0,0.0,4.213013,0.0,0.0,2.466603,4.9244347,0.0,0.0,15.390788,8.319904,0.0,0.0,8.2954,4.3920736,1.9666667,3.6015146,13.363807,0.0,0.0,0.93333334,0.0,3.25,0.0,0.0,0.0,9.455977
12.97874,0.0,8.592484,0.0,0.0,2.6812065,0.0,0.0,0.12486574,0.0,0.0,0.0,0.0,0.0,0.0,2.8625648,0.0,0.0,0.0,0.0,21.997435,2.1532555,1.2387573,6.908822,7.6902933,0.5436278,3.0447614,12.189433,4.5882177,0.0,7.3257213,0.0,0.0,0.92054975,0.0,3.2714427,2.2,0.0,0.0,4.5450487,0.0,0.0,0.0,1.8438262,0.0,0.8440973,1.0835185,0.0,1.7695258,0.3983552
6.0651035,0.0,6.943867,1.1564522,0.0,4.4522204,0.025228638,0.0,3.5365417,0.0,3.1463783,0.0,0.76511455,2.6,3.799864,2.0797155,0.0,0.7241971,0.0,0.0,2.00043,1.9595277,3.4718297,0.42222413,1.9833333,0.0,4.5838966,4.3234367,0.0,7.6774487,0.0,2.6455562,4.3013053,1.95,0.0,0.0,0.0,0.24274042,12.781543,0.0,0.16100831,0.0,0.0,4.133333,2.6985435,0.0,0.0,8.172986,1.7271686,0.19526239
11.824052,0.0,0.0,0.0,1.2,0.0,2.15,0.0,9.290012,0.0,0.85,1.4904256,0.8316226,0.0,0.0,2.349096,0.0,0.25422817,1.9647536,0.0,0.0,0.0,3.2907495,0.0,0.0,0.0,0.78333336,0.0,0.0,11.542861,2.0287921,0.0,1.9278928,1.6057744,5.4015846,3.61544,0.0,1.4,1.8333334,0.0,12.651062,2.2534404,0.0,0.0,1.9026617,0.0,0.0,0.0,0.09534098,38.669746
26.127266,0.0,1.7833333,0.0,8.222565,8.629858,9.234059,0.0,0.0,0.0,0.0,6.395204,0.0,3.331941,0.0,0.3670824,2.98153,7.1765075,0.0,0.0,0.0,0.0,0.0,0.27188316,0.0,4.1841288,9.406593,0.0,0.68357027,7.0549817,8.754947,1.0333333,0.0,0.0,1.3928809,5.428425,0.0,7.796974,5.7651634,0.0,5.8627615,4.9924483,0.0,0.0,4.2833333,7.0543337,0.0,0.0,17.966516,0.0
3.3456798,5.849683,1.0666667,0.0,0.0,1.95,0.0,0.59061825,0.0,0.0,0.0,0.5989018,0.0,0.0,0.0,1.8487372,7.0696745,0.0,0.95,0.0,2.5101779,0.0,12.323823,0.0,8.901702,0.0,25.793505,0.0,0.0,0.0,0.0,4.1432757,4.926355,3.8692615,5.5597734,0.0,1.1325569,0.0,2.1961954,1.0,0.0,0.0,6.211217,0.0,4.674163,0.0,0.0,0.0,0.0,7.2949305
2.2666667,1.1225069,0.0,12.556176,5.1557765,0.0,5.5647116,3.7615848,0.0,0.16789867,2.08797,0.65,1.4990553,0.0,0.0,0.0,7.2577353,0.26666668,0.0,0.78333336,0.0,4.7612314,3.5362234,10.379349,0.0,0.0,0.5748908,0.26107132,0.0,0.0,8.068512,2.2487237,12.213548,9.768658,0.0,3.4710004,0.0,2.2503242,2.6253812,5.1758947,0.5367008,0.0,1.6073794,5.434224,0.45,0.0,3.6890259,0.41666666,0.0,13.737765
3.864617,0.0,0.0,0.0,0.0,0.0,0.0,0.9,0.0,8.072244,2.3384037,0.0,1.8833333,0.0,0.0,0.0,1.9166666,5.368089,0.0,0.0,3.7407558,0.0,2.2970657,0.0,0.0,5.5680346,5.479835,0.0,0.0,0.0,0.0,0.0,6.3991017,2.1367245,2.0061526,0.0,0.0,10.2467575,4.733333,6.0717025,0.0,6.8966208,0.0,9.708733,0.0,10.86186,0.0,9.966114,0.21858823,4.3877873
5.336973,0.0,0.95,2.55,3.7109087,0.0,18.190912,3.3821588,0.0,4.7019396,0.0,0.0,1.9665564,6.7078834,8.531512,0.0,0.0,3.5483813,0.0,1.922958,12.722096,4.9038167,0.0,1.6833333,2.288822,4.5928626,0.0,0.83611524,1.7666667,2.1594923,0.0,9.513342,2.1216981,0.0,3.1647048,0.0,10.620679,4.2012706,8.353787,8.732528,0.0,13.098766,1.8438206,0.0,1.8381186,0.0,1.8511497,7.7670393,4.865515,1.2701162
12.272203,0.0,0.0,1.4833333,11.41279,6.122246e-16,1.9833333,5.6833334,0.1,0.0,0.0,6.0178227,0.0,0.0,0.0,0.0,0.0,0.0,6.60586,3.8633344,0.0,5.7971354,0.31666666,2.915049,1.5240911,1.6333333,1.75,0.0,2.7666667,1.0419781,19.538973,2.486155,1.703105,3.8890357,0.0,0.0,0.0,0.0,0.0,0.8961097,0.0,0.0,0.0,0.9541258,0.0,0.0,0.0,0.41666666,0.0,2.3454587
3.9666667,0.0,4.215132,0.0,0.0,3.512069,0.0,0.0,2.8166666,0.0,7.0828853,0.0,0.0,1.3479868,0.0,3.0205414,0.35,3.3,0.0,0.65,3.5321953,0.0,19.569324,0.0,5.903848,2.5833333,3.629499,2.7038546,0.0,2.3333333,0.3510182,2.0166667,12.93108,0.0,0.0,0.0,0.13939182,11.910809,1.769863,10.017153,0.0,0.0,7.2757854,0.0,0.4628596,0.0,17.746422,0.16666667,0.0,0.0
4.465384,0.10294372,0.0,1.4833333,0.94093007,0.0,2.4288027,10.800716,0.0,3.4830906,4.1,0.033333335,1.3734182,1.4333333,0.0,3.3303554,0.0,0.0,0.24693762,5.4901915,19.838923,0.0,0.0,0.2703311,0.0,1.946637,2.260014,6.9573064,0.83350986,0.28333333,5.8099008,1.4166666,0.0,0.0,5.6528244,7.662213,0.12457245,2.6166666,3.1443365,10.199747,0.0,5.3107104,0.0,7.3950024,0.0,1.6,0.0,0.0,0.0,0.0
3.95,3.1512337,0.0,0.0,0.55,1.3,0.76666665,1.893656,19.081377,5.4212136,0.0,4.9471602,3.650508,4.6,0.0,0.0,0.0,0.0,0.0,1.017381,0.0,0.0,1.2193416,0.0,0.6108665,0.0,0.0,0.0,5.344346,8.649709,0.0,3.1166666,4.340893,0.0,0.0,1.6137373,0.0,2.4716647,0.0,0.0,0.0,0.0,0.0,2.474695,1.1666666,0.0,0.0,0.0,0.0,0.0
11.571192,0.0,0.0,1.0493779,0.0,0.96666664,2.6087482,0.0,0.0,0.899679,0.0,10.125273,2.77757,0.0,0.0,3.890762,2.1786463,0.0,0.06849336,2.2333333,0.0,0.0,0.0,1.8,3.3427265,0.0,4.6292167,1.5258436,6.3931165,0.0,1.425356,0.0,0.0,7.103551,0.0,0.0,0.0,0.485799,0.0,0.0,0.0,1.2812289,2.25,32.709114,0.0,0.0,0.0,0.0,0.0,0.0
1.9767433,0.0,2.75,0.0,0.0,4.966433,0.0,1.55,0.0,0.0,0.0,14.165934,0.0,2.1141753,4.5926642,0.0,3.1827044,4.828816,0.38333333,0.0,0.0,0.0,11.276864,1.1553944,1.8511641,0.0,0.0,0.0,1.7590686,5.961523,0.0,3.0490236,0.5262785,4.4684944,3.15,0.0,0.0,0.0,9.239859,4.5218105,0.0,2.2524958,6.4139085,0.0,0.0,0.0,0.0,2.3822246,10.154488,5.366667
8.9,0.0,1.4408284,0.0,3.981868,0.0,0.0,2.364755,0.0,5.2243094,0.0,0.43333334,0.0,0.34162214,1.2928405,0.0,0.0,1.6355281,0.0,0.0,0.0,3.2081978,1.8532795,0.0,0.0,0.0,0.0,0.5693593,1.7833333,0.0,0.0,11.679587,0.39056003,0.564859,0.96666664,0.0,2.2590485,0.0,0.0,29.793308,0.0,8.619066,0.9624519,0.0,0.0,0.0,0.0,0.0,0.0,21.33638
1.6740403,0.0,0.0,0.18439919,1.3786614,19.183216,3.2803674,1.6660783,1.6779909,0.0,0.53333336,0.0,0.0,2.4118555,17.691275,0.1,9.044633,4.4822044,0.0,0.0,0.0,0.38654625,0.0,1.8039665,2.091718,0.0,9.24905,7.0666666,0.6847985,4.3175793,7.611434,0.0,21.545935,18.062294,9.748655,3.092986,0.0,0.0,0.0,0.0,0.0,3.2696917,0.0,2.8749576,1.8765532,0.0,0.0,0.0,0.0,4.875862
2.8301623,0.0,0.0,0.0,1.4907798,0.34249306,3.5304909,13.890923,9.554362,0.0,4.0990167,0.0,0.0,6.7,0.0,1.15,0.0,0.0,0.0,6.1024656,6.057365,0.0,0.0,0.029727386,1.8717682,0.0,0.0,0.0,0.083333336,0.0,0.0,1.9833333,0.0,0.96666664,0.0,1.5645746,3.1435254,16.582249,1.1333333,3.2370205,1.6453137,0.0,4.708769,3.059025,1.1364237,4.3495536,1.4919438,4.638008,1.0666667,0.0
1.709058,0.0,6.186783,0.0,1.8936645,0.0,0.0,9.469348,8.77223,0.0,5.1331053,0.0,0.0,0.0,3.9379847,1.2875993,4.860418,0.0,0.0,0.0,2.1150246,0.8041184,6.933208,0.0,0.0,4.6804485,4.9821334,0.0,0.0,2.0964046,3.1079123,0.0,6.3755817,1.3,2.7833333,0.0,0.0,1.7024684,0.030329822,0.0,1.4667591,3.2145593,0.63583314,0.27302307,3.4408553,0.0,2.8833334,0.0,4.5207157,0.0
9.680296,0.0,0.0,1.0011736,0.0,0.0,6.2724566,0.0,0.0,10.9492445,3.980089,0.40107468,15.196164,0.0,0.0,0.0,0.0,4.0420637,9.570583,2.4,6.0176134,0.0,8.038215,4.218941,0.034838997,0.0,1.1999098,0.0,4.4446774,5.023962,3.125674,11.275741,0.0,3.5300198,0.0,0.0,0.0,0.0,0.0,0.0,2.1948683,16.413294,0.0,3.88892,0.0,0.90870357,0.0,0.0,0.0,0.0
3.356672,0.0,4.8333335,6.0658684,0.0,1.5698634,1.2907515,0.0,0.0,0.0,0.0,1.6683972,0.0,1.1410978,9.635926,0.06666667,0.0,1.0544882,0.0,2.8429024,5.4741893,0.0,6.951984,3.2841413,2.4856453,0.0,10.181569,0.0,0.38461655,8.701805,0.42675474,1.9090576,0.0,2.598324,0.0,0.21666667,1.6154946,0.0,2.3393536,0.0,3.6416044,6.3236556,0.0,4.133333,1.3166667,7.485571,3.1378381,2.8779006,0.0,4.955066
8.1,0.0,2.805508,12.496273,0.0,5.6760855,0.0,0.0,0.0,0.0,1.1063558,0.0,0.0,0.0,6.140612,0.0,1.2151978,2.8666666,2.5907054,0.75297433,0.0,0.80775607,0.0,2.5333333,7.301881,0.0,1.551898,4.216092,0.0,0.28333333,0.76666665,2.0166667,1.7166667,1.1332176,0.0,0.0,10.639376,0.12476677,0.78333336,0.0,0.36666667,0.985765,0.0,6.6256638,1.8886384,9.898408,0.0,0.0,0.0,0.0
7.7214537,3.964294,7.753544,0.7859687,0.0,0.0,0.0,0.0,0.0,0.0,0.5056682,0.0,0.0,2.9008336,0.0,5.360291,0.0,7.3894815,0.0,1.9273388,0.0,1.1400114,4.7442555,0.0,0.0,0.0,0.0,0.0,4.857957,0.0,0.0,0.0,0.0,3.9134254,18.385782,0.0,0.0,0.31666666,0.0,1.3166667,0.0,0.0,0.0,9.448991,0.0,0.6,0.0,1.3159214,12.228416,5.366667
4.2320538,0.0,0.2,0.6226824,1.2103134,1.3666667,6.307215,3.4689348,0.0,1.3199573,0.0,7.2403054,9.991836,1.8970942,0.0,0.0,0.8833333,0.0,0.0,0.0,0.0,4.0333333,4.8981004,0.0,5.580702,0.31666666,0.06666667,0.09143093,4.9266768,0.0,4.157044,0.0,1.0749059,0.0,2.65,4.863668,30.432774,4.989428,0.0,2.4328055,3.9663908,9.761108,0.0,0.0,1.4117438,1.7458016,0.0,2.703424,11.192472,16.512945
5.0509005,0.0,0.0,1.8234439,22.33639,7.292326,0.6447115,6.107829,0.0,0.0,2.0705693,0.38333333,0.0,5.5243735,0.0,1.3807925,4.0137043,1.3263888,0.0,0.0,0.0,0.0,10.160461,1.1666666,0.0,0.0,0.0,3.058664,7.0177217,0.0,7.767515,3.7973993,0.26666668,9.080514,1.1406538,0.0,0.0,3.658677,0.0,0.0,0.35,17.358498,0.0,0.0,0.0,0.0,0.0,0.0,0.0,1.0956659
11.9409,0.43816528,0.0,0.43984568,0.0,0.0,0.0,0.0,0.0,0.0,0.0,0.0,0.0,1.1694076,6.9832435,0.0,0.0,0.0,0.0,0.0,1.65395,0.0,0.0,15.660377,3.8376768,4.8662486,0.0,0.0,0.0,0.9997992,0.0,13.584758,0.5680133,14.07103,0.0,0.0,0.0,0.6509631,0.0,2.4123347,1.2496132,0.0,7.68578,0.0,1.1666666,0.0,0.0,0.0,2.0802658,0.0
5.955199,0.0,2.7833333,0.0,20.146198,0.0,4.2166667,0.0,13.61742,18.025946,5.1808543,7.9322233,5.6662145,4.831405,0.0,0.0,3.680976,0.0,0.0,1.5388738,1.3606248,4.130001,0.502692,2.5912797,0.0,0.0,8.539776,0.96666664,0.0,0.0,0.0,0.0,0.0,0.0,0.0,0.0,0.0,4.3400307,0.0,0.9276706,0.0,0.0,0.0,0.0,0.0,0.0,0.0,0.0,0.0,0.0
20.90822,14.039039,10.3399935,0.31666666,4.1788855,1.4327893,0.5043366,0.10560889,0.0,0.0,0.8257859,6.977777,0.0,2.0514607,0.0,3.45,0.0,0.0,0.0,0.71666664,0.0,7.9918966,0.0,0.0,0.0,2.4,3.463605,0.0,0.0,0.5658581,0.0,0.0,3.892201,0.0,0.6485193,0.0,0.0,2.9752083,1.6833333,11.578787,0.0,0.0,10.766666,0.0,0.0,0.0,0.0,0.41666666,10.14298,0.0
2.2900805,0.21666667,0.0,6.7534003,0.0,0.0,1.4675785,6.574351,2.8353417,5.77999,0.0,0.0,0.0,0.26666668,0.0,0.6814939,3.4687798,0.0,11.011995,0.0,3.3404827,2.8210375,0.0,10.856541,0.0,0.0,0.8950153,0.0,0.0,0.0,0.0,0.0,0.0,0.0,5.5815372,0.0,15.373437,5.4254665,2.1082566,0.8321111,10.90115,3.5165243,0.0,0.56174004,2.072322,5.6731987,0.0,0.0,0.0,0.7
11.207224,0.0,1.95,3.2833333,2.9,0.0,0.0,1.1947931,3.740688,0.0,0.0,0.0,4.4754806,3.9666667,0.0,2.85,0.0,3.0341277,3.0190043,0.0,0.29034683,0.0,0.0,5.0488114,0.0,1.0773947,1.851687,1.9819242,4.265405,0.0,0.0,0.0,15.265351,4.0979123,0.0,0.0,0.0,2.3539138,0.0,4.409409,3.0,0.0,0.0,0.0,0.0,0.0,3.5313425,0.0,20.738077,3.6632547
10.69863,0.0,0.0,1.8479059,4.024544,0.0,0.0,0.0,0.0,11.055172,5.528184,0.0,0.0,0.0,0.0,0.0,1.1841571,0.0,2.0350127,1.8166667,1.8580769,0.0,7.0885477,0.0,3.3616786,0.0,5.512943,0.0,0.0,11.848525,0.0,0.0,0.5318734,0.0,7.148989,10.4899645,0.0,4.8232865,1.2138397,0.0,11.017761,0.0,0.0,0.0,3.75,0.0,5.0362477,16.040678,0.0,0.0
13.698024,3.1528587,0.27914685,0.0,0.33333334,0.0,0.0,0.15519895,3.2111495,0.0,0.0,0.0,7.072352,9.949237,0.0,1.0816112,4.00044,3.0166667,0.0,2.8751106,0.5949315,0.0,0.0,0.0,0.0,0.0,5.021801,0.0,0.0,0.0,7.007347,2.5439901,0.0,0.56666666,0.0,0.0,0.0,0.0,0.0,0.0,1.6007441,0.0,0.7155457,0.72616327,0.0,0.0,0.0,0.0,1.35,0.0
6.7836604,0.0,2.0590563,1.1620954,0.0,5.720826,0.0,0.0,0.0,0.0,0.0,2.990994,0.0,0.0,0.0,9.661001,0.0,0.0,0.0,7.2,8.428322,4.954221,0.0,0.0,0.0,1.523563,0.9547402,0.0,5.815805,0.0,0.0,0.0,6.34486,0.0,2.7242846,0.0,0.0,0.0,0.0,0.0,0.8312618,6.963172,0.0,4.3166666,6.477219,0.0,1.3562008,8.215519,0.0,0.51666665
3.5003607,12.8406315,0.0,0.0,1.0616959,0.0,0.0,0.0,0.0,0.0,0.0,0.0,10.33267,7.4666667,0.0,0.0,0.0,0.0,4.5423546,5.4710274,0.0,1.6279186,0.0,0.0,14.033571,0.0,5.889193,3.852752,0.0,6.25,1.7457868,0.0,0.0,1.2057434,2.5971947,0.0,2.655252,11.31153,0.0,0.0,0.0,0.0,0.0,3.4166667,0.0,2.3771925,3.85,2.7166667,0.0,0.0
4.6398654,0.0,5.476641,13.23141,8.180749,0.0,0.0,5.6257896,0.0,3.2851934,2.0985513,0.0,11.629378,0.6149545,2.212021,1.15,0.0,16.219584,5.4972486,0.0,0.21666667,3.2591364,0.0,0.0,0.0,0.0,0.0,0.0,1.5678676,0.0,0.0,3.0049598,0.0,0.0,2.3469496,0.0,0.0,0.0,0.0,0.0,0.0,0.0,1.3666667,2.227091,0.0,9.817962,0.0,0.0,3.4224486,0.13333334
0.5159428,0.0,0.0,5.8456693,6.765694,0.0,0.0,4.1210055,0.0,1.932546,0.0,0.0,4.1540327,0.0,0.0,1.9666667,2.0666666,0.0,0.06690372,0.0,2.176698,0.0,4.603442,0.0,2.4470727,0.0,4.1,3.7767582,4.733333,0.0,0.0,0.0,1.6494224,0.0,0.0,0.0,11.677018,0.85396314,0.0,0.0,0.0,1.5380466,15.204351,0.0,0.0,0.0,0.0,0.0,0.0,0.8419114
6.1147165,6.048001,0.6333333,0.0,11.19613,23.488518,0.0,0.0,1.5763657,0.0,0.0,0.0,4.4801016,2.644976,0.0,0.0,0.35,2.7844247e-16,0.0,0.0,9.223583,0.0,3.3166666,1.3228776,17.750671,0.0,0.0,6.9621105e-16,0.0,0.0,1.8992126,0.055732764,9.243857,0.0,0.0,0.08253255,0.0,0.0,0.7671601,0.0,3.4591892,0.0,0.0,0.43380424,1.2727046,0.0,1.7499818,0.0,4.321531,0.0
4.5931435,0.0,0.042341422,0.2894709,1.0533621,6.288929,0.6365572,0.0,0.0,0.0,0.53333336,0.71658367,0.0,3.3263066,0.0,0.33333334,1.9374864,0.0,0.46666667,3.52347,14.856536,0.0,0.53333336,0.0,0.9927785,0.0,0.0,4.2166667,1.7833333,0.0,1.9670674,11.7752,0.0,0.0,0.0,4.7409215,0.0,1.2694445,8.624786,0.0,0.13954647,0.0,4.7711253,0.0,0.0,11.204891,0.8,0.0,0.0,6.3
3.4856255,0.0,0.0,1.0363783,4.366667,0.0,9.477697,0.0,8.755584,0.0,0.0,6.042189,1.9606854,0.36583087,10.817349,1.6496592,0.0,7.744212,0.0,0.0,0.0,4.0391912,2.208281,0.0,5.5833335,4.6791015,0.0,0.045680296,0.0,0.0,6.845992,0.0,0.0,0.0,0.0,8.205603,1.2111708,0.0,5.3333335,1.3134739,0.0,0.0,0.8138848,0.17167632,0.85275924,0.0,0.0,0.0,2.1166666,24.464819
1.5333333,1.762084,3.4975486,0.0,0.689251,1.5784913,0.0,3.4400811,0.0,0.0,4.1,15.931527,0.0,0.0,0.0,0.0,2.9804456,0.0,0.0,0.0,0.0,4.355237,0.0,6.8827467,0.0,2.2141788,0.0,0.0,0.0,0.0,0.0,3.5866785,20.864988,0.0,0.0,0.31846046,0.0,0.3,0.78333336,0.0,1.6822777,0.0,0.05,1.6832874,0.79902995,5.6346884,0.0,0.0,0.0,0.0
28.44683,0.8,0.0,0.0,0.0,1.35,3.5910053,0.30171615,0.0,6.293494,0.0,0.38333333,0.0,0.5581688,0.0,0.06666667,2.6386302,3.7747843,0.0,0.0,0.0,0.0,0.2,4.437156,0.68212795,0.0,0.48141953,3.091068,0.0,5.718443,1.676508,0.0,0.0,0.0,7.614668,0.0,0.0,0.0,0.0,0.0,0.0,0.0,3.7198145,0.0,0.0,0.0,3.2251666,0.0,0.41666666,3.3134415
13.55,0.41167,1.0666667,0.0,0.0,0.0,0.0,0.0,3.1442423,0.0,0.0,0.20576288,0.0,5.002215,0.0,2.3166666,6.6787643,11.759987,2.578031,1.4635731,1.646442,1.0405712,0.0,17.543097,2.4207973,0.0,0.0,3.295327,3.415437,0.0,1.95,7.152628,0.0,0.0,4.515037,0.0,0.0,0.0,4.22021,0.0,3.0786457,0.0,0.0,0.0,0.0,0.7337627,0.2698864,0.0,0.0,0.0
5.0386877,2.0974758,0.0,0.0,6.248916,1.2875904,0.0,0.0,0.0,0.0,3.9437723,0.0,0.9281061,0.0,0.0,0.0,6.6430964,16.584213,0.0,1.4035357,0.0,0.0,0.0,0.0,2.1808853,7.068189,4.723951,1.993516,0.0,0.0,0.12500058,0.0,0.0,0.65,0.0,0.0,2.4984725,2.7833333,0.0,0.0,0.0,0.0,0.0,0.0,0.8418951,0.0,0.0,2.1228166,2.0870574,2.4060183
8.889919,0.0,0.0,0.6666667,0.0,0.0,0.0,0.0,0.0,0.0,0.0,0.17198025,1.4559166,0.0,0.0,1.15,0.0,0.0,4.7639775,3.7043371,0.0,0.0,10.490791,5.788179,0.0,0.0,0.0,0.6421263,0.0,0.0,1.3637888,0.6333333,0.0,2.6841395,0.0,0.0,0.0,0.0,0.0,3.1714506,0.0,4.7258964,3.7604172,2.1770184,0.0,2.0252478,0.0,0.0,0.6666667,0.0
2.8620398,0.0,0.31912285,10.971039,0.0,1.5534694,0.0,13.446871,0.0,1.6666666,0.0,0.0,0.0,14.940763,0.0,0.0,2.1788642,0.0,2.240576,0.0,5.9659944,3.2323036,3.8298166,7.1791363,1.1060973,1.5228906,0.0,0.0,3.3987193,5.0294642,0.0,2.9726472,0.00015801175,0.6605469,0.13024732,0.0,4.016667,13.917148,0.0,0.0,0.0,2.3895411,0.0,1.8333334,8.42929,1.7079649,0.0,1.8552985,0.0,0.0
8.000452,0.0,0.0,0.0,0.29638928,0.0,0.0,0.0,3.6267853,0.0,0.25642532,3.962321e-16,12.828394,0.0,1.076304,0.1545443,0.0,0.8220919,2.1669095,4.5833335,3.5358167,0.0,0.0,2.3166666,0.0,0.0,10.581929,0.0,0.0,0.0,0.0,0.0,0.0,0.27405122,0.0,0.0,1.4,0.9,1.8929116,0.0,11.941474,0.0,0.0,5.0456853,0.6888196,2.6501555,22.89431,4.0549884,18.63476,9.630635
2.368209,0.0,0.0,0.0,0.0,0.0,0.0,6.809697,0.0,0.0,1.5619515,3.9546413,1.8792626,2.4477322,0.0,3.8833334,0.0,1.3096286,8.333597,0.0,6.6783957,0.10312554,4.3789377,0.0,0.7693353,0.0,0.1612517,0.0,0.0,2.3562407,0.0,0.20468038,0.0,0.0,0.0,0.0,7.7662873,0.29075465,0.0,0.0,0.0,0.0,0.0,4.3166666,0.0,6.593841,0.0,8.645459,0.0,6.294351
5.4953613,0.0,0.0,5.3266535,0.9354844,16.506016,11.15005,0.0,0.0,4.7031198,4.3312297,0.0,0.0,0.10139714,2.8333333,1.15,0.78428006,0.0,0.3649399,0.0,0.0,7.0935144,0.0,0.29538938,0.34975556,0.0,3.8527064,0.0,3.4023147,5.092994,0.0,0.0,4.404176,0.0,5.575404,2.4474027,14.395685,2.4255605,0.1745691,0.0,2.6666667,3.3093145,6.8286657,0.0,0.35,0.0,0.0,0.0,2.7292242,0.4055576
5.65,0.0,0.0,0.3109239,1.0166667,4.8909287,3.0265563,0.3633587,5.673076,1.6320196,6.913988,0.0,0.0,0.0,0.25,0.0,1.6963485,0.0,5.4666667,0.0,0.0,0.0,0.0,12.905324,0.0,0.30224314,1.939835,0.8505149,0.41401273,10.237685,2.0559695,0.0,0.0,0.0,6.778572,0.0,0.0,6.5284967,0.0,0.0,0.0,0.0,0.0,12.821732,1.8712555,0.0,1.6763939,0.0,0.8,0.0
4.4,0.0,0.0,0.0,0.0,12.136204,0.0,1.9836532,0.0,1.472992,5.227431,0.0,3.9844835,0.0,0.0,8.813909,0.5316971,1.15,0.0,0.0,0.0,0.0,0.0,6.403928,0.0,7.2690845,1.1716276,0.0,0.0,0.0,1.8,0.91112804,0.0,0.0,0.0,1.1833333,10.839681,3.0833333,1.85,0.0,10.983619,1.2193632,0.0,4.0999475,0.34783918,0.0,0.0,0.0,10.133333,0.6258407
10.284726,1.9967405,4.8338714,14.210158,0.0,12.728292,0.0,0.0,0.0,0.0,0.0,0.0,0.5893991,0.0,0.0,0.69036466,3.8705769,0.0,0.30410904,0.0,0.0,2.82306,1.0659734,0.0,0.0,0.0,0.0,6.8702526,5.811392,3.0833333,0.0,0.0,4.233333,4.107657,0.0,0.0,0.0,0.0,0.0,0.0,0.0,13.146237,0.0,0.0,0.0,0.0,0.0,0.0,6.638552,6.137795
4.0333333,0.0,2.3013856,3.7177622,0.0,0.0,0.0,0.0,0.0,10.511388,0.0,5.627565,0.0,0.0,18.110067,0.0,5.4872346,0.0,0.0,1.1166667,5.159131,0.0,7.0830936,7.5839686,2.9722612,0.0,3.7561407,8.737395,0.0,0.0,5.4417915,0.0,9.55,2.7966285,4.1,0.8804362,0.5965634,0.11819753,0.0,0.0,1.199283,5.370386,0.0,0.0,0.0,0.0,2.5078907,0.0,0.0,0.0
12.5280695,0.0,0.33786476,0.0,0.79570776,0.8030773,10.180673,0.0,9.129004,0.0,0.0,3.0629687,0.0,0.0,2.8458476,0.0,0.0,1.307117,2.857091,0.0,0.0,1.7142961,0.0,0.0,0.0,0.0,0.0,2.7656195,0.0,0.35,0.7009748,0.0,0.0,0.0,0.17019497,1.1800033,3.05,0.8201364,3.1805186,2.1077416,4.5334334,10.194192,0.0,0.0,0.0,0.0,1.1110324,0.0,0.0,0.34698668
1.5917623,0.0,2.3759086,0.84232455,0.0,0.7329896,0.0,0.8333333,1.65875,1.796482,2.955804,0.0,0.0,0.0,8.785644,10.18535,0.0,3.6773582,4.0828147,0.0,5.7110786,1.7542753,0.0,2.9894853,0.0,0.0,9.08281,5.533145,0.0,8.741346,5.766958,0.0,6.1566916,0.0,0.96666664,0.0,0.0,0.0,0.0,1.7196306,1.7443694,2.6314888,6.6,1.2239406,1.5469891,5.2606006,6.1848927,0.0,10.133333,6.8455935
6.9,0.0,0.0,1.15,0.0,0.0,0.0,0.0,0.0,0.0,0.0,2.7721775,2.758008,0.0,1.8666667,0.0,0.0,0.0,2.4333334,0.0,0.0,0.09392411,0.0,3.8743985,0.63948417,5.430798,0.0,0.0,0.0,1.3637604,0.0,4.0167665,5.9470553,0.0,0.0,0.96666664,0.8050567,0.0,0.0,0.0,0.60991,0.0,0.0,0.95084286,0.0,0.0,0.0,6.0424414,0.0,0.0
15.276937,0.0,0.0,10.7,21.0411,0.5780177,0.0,0.0,7.5789647,1.1,5.1342688,4.994917,10.304436,0.0,0.0,0.0,1.2092102,0.0,7.994612,2.2333333,2.5115647,3.345317,4.65,0.0,4.37722,0.0,6.670779,1.6871682,4.604416,0.0,3.20193,1.4347885,0.0,1.967975,16.253075,0.0,0.0,2.6448514,7.3891993,0.7,0.0,5.10316,0.0,4.699376,0.0,0.0,0.0,0.0,1.5709697,0.0
11.017524,0.0,1.35,0.0,0.0,0.0,0.0,6.3094993,0.0,0.0,4.240137,0.0,0.0,3.0866637,4.357062,4.775181,0.0,0.33086327,3.8839574,1.0948539,3.3173182,0.0,0.0,3.2023315,0.0,0.32292372,1.5833334,2.0638425,0.0,0.0,0.0,4.721172,0.0,0.0,0.13752781,0.0,5.9317417,0.0,0.21372572,5.885072,0.0,0.0,0.0,0.45200926,1.9531813,6.861531,0.8801344,0.0,8.048527,11.080437
24.29275,0.0,0.0,0.0,0.0,0.0,10.179383,0.0,0.0,0.0,0.4726226,10.343635,0.0,0.0,8.107322,0.0,0.0,0.32608303,0.0,4.5833335,0.0,2.1409829,20.092026,0.0,11.765328,2.4,1.5739515,0.9834295,4.5563345,0.0,4.55,3.0391345,0.0,0.0,0.0,0.0,0.8052263,5.4019012,3.2170043,0.0,0.35,0.0,0.47541687,7.586785,2.0280273,1.4182047,13.547807,4.2387085,0.0,3.9876468
10.113299,0.0,3.5821965,0.5053057,0.46666667,0.46666667,0.0,0.03809982,0.0,0.5964574,8.310639,0.0747793,0.0,0.0,0.1,0.0,0.0,0.0,7.9263496,0.0,0.0,3.4116597,0.0,0.0,0.0,19.95536,0.9261658,0.0,1.780905,4.9177275,5.927257,4.051475,0.0,0.0,0.0,0.0,0.0,0.13333334,0.0,2.598685,1.6747276,0.0,2.449286,0.0,4.669598,0.0,0.0,0.0,0.0,0.0
2.606589,11.457314,0.0,0.0,6.0666666,0.0,0.0,2.4779723,0.4158458,6.0442276,1.5,4.814559,0.0,0.0,3.3724833,0.0,1.095919,2.596818,0.0,0.644628,4.6131563,0.0,5.484498,3.95,20.717049,0.0,0.0,7.5805206,0.10096417,0.0,6.834196,1.4,0.0,0.0,0.8333333,0.0,0.9327982,0.0,8.663952,0.0,8.894039,0.2882807,0.0,0.0,3.546575,0.5438555,0.33333334,0.0,0.0,0.0
6.1935267,0.0,14.086712,0.6417706,2.4666667,5.1,0.0,0.0,4.1022453,0.14510947,0.0,0.0,12.19857,0.0,0.0,0.0,0.17227298,21.296122,0.0,0.0,0.0,0.0,5.6833334,0.0,6.6078653,0.0,1.25,0.0,0.0,0.0,1.0,0.0,6.7833333,4.097943,7.4875507,3.4743981,1.8970886,0.0,1.8300257,2.5572407,7.179128,0.0,0.0,0.29929334,0.0,0.0,0.0,0.0,0.0,0.0
10.413386,0.0,0.0,0.0,0.0,2.0015771,0.0,0.0,0.0,1.4856342,5.5698476,2.1694276,7.172244,2.0759451,0.0,0.0,0.0,0.8802647,0.0,1.9914697,2.2982426,0.0,0.7,0.0,1.4048647,3.4144948,2.1853416,3.9493382,10.696262,0.0,0.84727633,1.1757449,2.225777,0.0,0.06194218,3.443259,0.0,2.525339,9.647142,0.0,0.85258275,0.0,0.0,2.7146902,1.8212398,0.0,3.6333334,6.3834643,11.882217,9.454307
6.458965,0.0,0.0,8.781281,0.0,0.46666667,5.402448,0.0,0.0,6.569831,0.0,3.2352903,2.585162,0.0,1.8216455,0.0,1.6967053,0.0,0.0,0.0,15.205736,0.0,9.4418,0.0,0.0,11.477556,5.41387,0.0,0.0,0.0,0.0,0.49868622,7.65556,0.0,0.0,0.0,3.1201675,0.25408408,3.8831499,0.0,0.0,0.0,0.0,0.0,0.0,2.9294322,0.0,13.189218,1.3353461,0.0
10.788164,4.0910535,12.8557,0.0,5.3735747,3.7434192,0.0,2.0082524,0.0,0.0,0.83618605,0.5235911,0.0,0.0,3.4400299,0.0,0.0,0.0,0.0,2.3841386,0.0,2.6915972,0.93333334,0.0,4.9950185,10.574346,8.506247,0.0,0.1510212,2.385022,8.805872,0.0,0.60673547,4.186091,0.0,0.0,0.0,7.988684,0.0,0.0,2.6300485,14.218755,0.0,1.7973995,0.0,0.0,0.0,0.23497687,8.7133255,0.0
18.7317,0.0,0.0,0.0,5.8127513,2.888138,2.9014137,0.0,0.49462047,0.4245602,4.204793,0.18388836,0.0,11.229156,0.0,6.43343,7.0299845,1.4774204,0.0,0.0,0.0,0.0,0.9028867,0.0,7.382308,8.207094,0.12884222,0.0,3.2390752,0.0,0.0,0.0,0.0,8.886547,10.250855,0.0,8.420642,11.1502,2.2333333,0.0,0.0,6.384406,0.0,0.0,0.024283947,0.0,0.0,3.886101,0.0,0.48219928
7.0523376,0.0,0.0,0.0,3.7,0.0,3.1666667,0.0,0.8,1.2553155,0.0,0.0,0.0,1.3491836,0.0,1.2393225,0.0,4.9489326,0.0,1.35,1.9276161,0.0,0.0,6.75,0.0,0.0,1.6917459,0.54840165,2.693353,2.351576,0.31639096,10.3179655,0.0,0.0,0.0,7.367429,17.35401,0.142098,0.0,0.0,0.0,0.0,0.65,4.306672,0.0,3.7486804,0.0,0.0,0.0,5.7871966
3.7703264,0.0,0.0,0.0,1.5333333,4.0115967,0.0,0.0,3.6162293,5.6279216,6.3742685,0.0,0.19049111,0.0,4.4234,0.0,0.0,10.892803,0.46666667,2.4805968,0.0,1.3291351,4.706618,0.0,0.33333334,2.6167932,2.926652,11.608211,3.8965364,0.0,5.693594,0.0,5.1978126,8.82357,13.658229,0.0,0.0,0.0,0.0,0.0,0.0,8.368025,0.0,0.26290265,0.0,0.0,19.799667,0.0,1.4049276,6.6099916
3.3184917,0.0,0.0,0.0,2.9731455,7.1085186,3.986361,0.0,0.0,0.0,11.807636,0.0,0.0,0.0,9.002217,6.210644,1.5011971,0.0,0.0,0.0,9.706675,0.0,2.0723693,3.0948496,5.5631137,0.0,0.0,0.0,0.0,4.0476065,0.0,3.546043,0.0,0.0,0.0,3.4333334,1.8896215,0.0,0.0,0.0,5.3262925,1.65,0.0,0.0,0.13701384,0.0,0.0,0.0,0.0,0.0
3.95,5.388489,1.8735541,0.8833333,4.766369,0.0,4.2166667,0.016628202,0.0,2.25,0.2,0.0,0.0,0.0,0.0,0.0,3.2920797,4.8166666,0.0,2.8166666,0.0,0.5833333,0.0,2.5036,1.7543844,0.0,0.0,0.0,0.0,0.0,9.780333,1.8833333,22.18034,1.9651403,0.0,0.0,3.5064385,4.3917093,0.5929602,2.6166563,0.0,0.0,0.0,0.0,1.2833333,0.0,28.536943,0.0,0.017318709,0.0
19.967165,0.0,0.0,0.0,3.480821,0.062059943,0.0,0.13355719,0.0,6.0623374,0.13333334,0.0,0.0,6.658585,0.0,0.0,5.390422,11.222328,7.002249,0.0,0.0,0.0,0.0,0.0,3.9166667,0.0,0.02416315,5.862523,3.9098675,19.515537,3.9789214,0.0,0.0,0.0,6.0454307,0.4767866,0.043474548,1.75,4.713878,1.0057274,0.0,1.28932,2.4166667,4.583412,0.0,0.0,0.0,4.541603,1.3534741,0.2798803
6.251996,4.0001507,0.6797778,0.0,0.0,0.0,0.0,0.0,0.0,0.0,1.9346297,0.016666668,1.575847,0.0,1.3685426,6.4563746,1.5843208,0.0,0.0,0.0,0.0,0.0,0.3120354,0.0,0.0,0.7239998,0.06666667,1.5246134,0.0,0.0,0.0,4.032855,0.0,2.3788042,0.0,0.83829683,13.026743,2.7629251,0.0,0.7,1.6509987,0.0,0.0,5.4961095,0.0,0.0,4.7742176,0.0,0.0,0.0
10.386011,0.0,2.2458482,0.0,9.180837,1.8166667,0.0,12.831054,1.161454,0.0,1.5,12.332327,0.0,2.54213,3.15,0.06666667,0.0,0.0,0.0,1.3845754,8.712311,4.968848,0.0,0.0,14.727681,0.0,13.863217,5.3431296,0.33333334,4.496518,0.0,0.0,2.2769232,2.6916707,0.9359977,5.0613256,3.0166667,0.0,0.0,22.081942,0.0,0.0,0.0,2.0789115,1.4465363,0.0,0.0,0.0,0.0,0.0
145.15071,0.0,6.1241755,0.8333333,0.27988848,0.5474867,2.7833333,1.3459891,0.0,0.0,0.0,0.0,0.0,2.6730428,0.8333333,0.0,3.0771468,0.0,0.0,0.98333335,0.0,3.0333333,1.2311832,0.0,0.0,1.3617709,1.2429688,0.0,0.7083006,0.38953397,0.0,0.0,5.901008,0.0,5.5766306,7.7661953,0.0,0.8027181,7.383333,0.0,6.1833334,0.0,10.735407,0.0,4.8363695,0.0,2.9515355,0.0,8.921447,0.0
